slug_region	slug_publicador
boyaca	538c9023-2e18-4769-9230-f840d044406d
boyaca	f9b67ad0-9c9b-11d9-b9db-b8a03c50a862
boyaca	ccd1ddc0-6c21-11de-8224-b8a03c50a862
boyaca	3988de20-0560-11d8-b851-b8a03c50a862
boyaca	814cdfb5-d4f8-4453-815f-ea5df98e76bf
boyaca	adaeb73b-8f3b-433c-ab2e-a8ca68a7c7ea
boyaca	3ecddc17-a081-4e85-92c3-d8e31716342c
boyaca	76513b28-548d-480a-8859-bd7f45f8724b
boyaca	c803f6f5-2c6a-4b41-8c15-768d48ef1c8c
boyaca	34cc6c50-812c-11de-86fe-b8a03c50a862
boyaca	32e82a64-c9b4-4b2f-9fbd-d446309b973f
boyaca	1deb09e1-ded6-469a-a46e-f6329cb03b6a
boyaca	0dc9c7a0-b5c6-11d9-a0b8-b8a03c50a862
boyaca	750a8724-fa66-4c27-b645-bd58ac5ee010
boyaca	a3c228d0-3110-11db-abb8-b8a03c50a862
boyaca	57254bd0-8256-11d8-b7ed-b8a03c50a862
boyaca	9630292c-c8ef-4efa-adda-399638be3b19
boyaca	47380c8a-0edd-4036-b1bc-d852cba8232f
boyaca	7a079928-aee9-418a-b083-6152d01c78d6
boyaca	0363cbd4-f666-455e-8e86-0bbddcf51950
boyaca	66522820-055c-11d8-b84e-b8a03c50a862
boyaca	a26fb77a-67a4-4a15-b2c3-0c7b87ddb8e6
boyaca	a41250f0-7c3e-11d8-a19c-b8a03c50a862
boyaca	c1da06f0-580e-11dc-8a9e-b8a03c50a862
boyaca	9d615537-c4d9-40fe-bf74-0e4dc9b42078
boyaca	efc2ae40-9880-11da-89b4-b8a03c50a862
boyaca	fee3882f-5360-4f01-a1ca-767c48fa629c
boyaca	da583013-8a1b-4570-b0e4-c7cb25b2e7bf
boyaca	a61ab068-5b5f-47c7-9322-170e88b09b0d
boyaca	75ed8583-8bd8-4f82-9346-75b234fe4682
boyaca	0d923068-1cec-44de-8b78-33a51fb0cacd
boyaca	ff90b050-c256-11db-b71b-b8a03c50a862
boyaca	43a26bbf-466a-4335-96cc-01d0656c614a
boyaca	e2e717bf-551a-4917-bdc9-4fa0f342c530
boyaca	03fefd3c-2809-4966-810d-a6c2205ab899
boyaca	6e051633-cbf0-4729-be54-f7be1e078c97
boyaca	23fe61fe-622d-4523-ae45-8c931f22c534
boyaca	488f6b87-5688-4c9a-928c-2d5355054b01
boyaca	f7bf768e-d88d-489d-a263-dd07232bd9e4
boyaca	eba6daa8-0281-479e-aa2d-d78a2614db93
boyaca	a8a63f81-fdbf-40e3-8a99-0d3832de262b
boyaca	ead371f0-f93d-11dd-af50-b8a03c50a862
boyaca	d5ef14a1-5177-4547-9ce2-46d84a4214eb
boyaca	ada9d123-ddb4-467d-8891-806ea8d94230
boyaca	121b1f00-66de-484d-9fb3-32bb07585840
boyaca	bd561840-efdc-11d9-a329-b8a03c50a862
boyaca	7b8aff00-a9f8-11d8-944b-b8a03c50a862
boyaca	8483a1f0-1032-11db-ae00-b8a03c50a862
boyaca	3dc9105b-6792-4d2f-8872-c60dded8ae20
boyaca	cffcb703-dccc-464e-ade3-c5668311dcf6
boyaca	2e7ea925-e11c-451c-9841-0a8e85e5c5dc
boyaca	85aae44a-2a4c-4a3f-92cc-a1a8d27b90fa
boyaca	a0f40644-1fec-42d8-af64-0bce3e9d76d2
boyaca	4c415e40-1e21-11de-9e40-a0d6ecebb8bf
boyaca	485ff490-e3b7-11db-9acc-b8a03c50a862
boyaca	7a070ba0-bafb-11d9-8e53-b8a03c50a862
boyaca	8e1a97a0-3ca8-11d9-8439-b8a03c50a862
boyaca	fd0038d0-3e7b-11d9-8439-b8a03c50a862
boyaca	6f3ccc65-0a54-4e65-ae7e-13b92d618e7c
boyaca	9d77fdeb-100f-4b29-98ad-4effdd824457
boyaca	831c8ca0-3806-4796-b8a3-fb5f15813749
boyaca	c0d9c91a-0f83-4819-bf7e-bb5e1184eb6b
boyaca	b8b274e0-3216-48b8-afea-5616ec326ce1
boyaca	34770310-601a-43e0-84fb-ed81661c2d00
boyaca	b6f05cf0-43ce-11d9-8439-b8a03c50a862
boyaca	2437c128-bf8c-4f53-b668-da95fb2e40b7
boyaca	2a7e3080-28a9-11dd-97cd-b8a03c50a862
boyaca	838537fc-4aeb-4980-8b58-97fbdcd1d91a
boyaca	d44af9a3-e779-40c0-a186-79e7717c6d2b
boyaca	92974254-6777-4a79-8865-a89a83f13e57
boyaca	eace4687-50e8-4f9a-829b-29ff8ff1fa8b
boyaca	e144e6ee-503e-4bd9-9eff-f2fc77473642
boyaca	f5fc4e61-b7a0-414b-ab68-b41cb23e7fdc
boyaca	883ee5d0-9177-423d-a636-0284e8a4de46
boyaca	2cd829bb-b713-433d-99cf-64bef11e5b3e
boyaca	925267b2-870b-409e-8a81-d044d6eb6c2f
boyaca	182287da-fe0f-457f-ac06-2b8f4c7680fd
boyaca	90fd6680-349f-11d8-aa2d-b8a03c50a862
boyaca	247b85e0-4e6b-46d1-b1c8-47b00bb8ced7
boyaca	2e4af590-37d0-11d9-8439-b8a03c50a862
boyaca	0c0c7309-6a47-4760-9f5c-a48f6d354f75
boyaca	610414e0-8040-11d9-8294-b8a03c50a862
boyaca	ab5c0b99-5af3-4958-b03c-0b7e85481cc1
boyaca	4205110f-3f0f-40d8-bd0f-2fa71bc827b5
boyaca	315127e0-d7bb-11db-9885-b8a03c50a862
boyaca	4f1aa16c-ac1f-4e25-95fa-70bd71b7a0b4
boyaca	e8eada63-4a33-44aa-b2fd-4f71efb222a0
boyaca	10980920-6dad-11da-ad13-b8a03c50a862
boyaca	5ffa575c-fcd4-4583-9611-545f67b04316
boyaca	b4640710-8e03-11d8-b956-b8a03c50a862
boyaca	acac73b0-055d-11d8-b84f-b8a03c50a862
boyaca	8edbbde0-055e-11d8-b850-b8a03c50a862
boyaca	8f9a6e03-a0ee-4a60-a08f-32463f36adeb
boyaca	23539a57-1347-4dd3-af2a-cf9478563baa
boyaca	c3367060-856b-11d9-8486-b8a03c50a862
boyaca	bc092ff0-02e4-11dc-991f-b8a03c50a862
boyaca	4fd82480-ea1c-11da-8db4-b8a03c50a862
boyaca	19456090-b49a-11d8-abeb-b8a03c50a862
boyaca	3ead5cf3-2840-482e-bbd9-76380825be63
boyaca	2e7df380-8356-4533-bcb3-5459e23c794e
boyaca	493fe050-055d-11d8-b84f-b8a03c50a862
boyaca	2d6267a0-0561-11d8-b851-b8a03c50a862
boyaca	4e11d750-bafb-11d9-8e53-b8a03c50a862
boyaca	396d5f30-dea9-11db-8ab4-b8a03c50a862
boyaca	a8144f37-5ff7-4137-9400-94b5b2ea4ec4
boyaca	c8d737e0-2ff8-42e8-b8fc-6b805d26fc5f
boyaca	b711353c-44d7-4e8b-90c5-16fea0d247e0
boyaca	da86174a-a605-43a4-a5e8-53d484152cd3
boyaca	7ce8aef0-9e92-11dc-8738-b8a03c50a862
boyaca	0e2f2e28-7790-4c82-b8fb-6ef7b4c764e2
boyaca	dc282b9d-8f3b-4197-b174-ba5272721a6f
boyaca	e88c96a3-5884-4e51-a580-e417ca4c9eed
boyaca	98e934b0-5f31-11de-b67e-b8a03c50a862
boyaca	061b4f20-f241-11da-a328-b8a03c50a862
boyaca	ff418020-1d67-11d9-8435-b8a03c50a862
boyaca	8a471700-4ce8-11db-b80e-b8a03c50a862
boyaca	c76cf030-2a95-11da-9cc1-b8a03c50a862
boyaca	0674aea0-a7e1-11d8-9534-b8a03c50a862
boyaca	99ea0c90-61e5-11dc-a64c-b8a03c50a862
boyaca	898ba450-1627-11df-bd84-b8a03c50a862
boyaca	867a53f4-2f2d-4932-be6a-f46566255371
boyaca	8a226609-56b9-4b87-a0a2-767c38edd572
boyaca	352bdfe0-c57b-11dd-a8eb-b8a03c50a862
boyaca	b3bf3a83-1f68-4541-a03f-330d30d567f5
boyaca	ae447c50-b8a8-11d8-92a4-b8a03c50a862
boyaca	fee1eb85-53bb-4edb-91cc-de55f11b3cee
boyaca	b459e790-0d3c-11d9-8431-b8a03c50a862
boyaca	83e105d0-1e21-11de-85d0-fe7fa1df8ee2
boyaca	253fc67c-c7fb-4c85-88f5-43ac6d9dc8a9
boyaca	c8f840a3-4949-4e18-82e9-5771c3e57129
boyaca	b8cd2cdb-ee95-409c-b1b8-e09bab4f9a70
boyaca	e0455781-2311-4b5b-8cc0-421d73e04f1b
boyaca	7d91f9bd-f6cd-48e3-ba81-3c228cf5e13a
boyaca	6c147991-c3bf-453d-a778-3bea9a534804
boyaca	eac88d99-9f6c-4031-8fc4-8088f0e0dfe7
boyaca	ad3f9c5f-5021-45a3-a7c4-3e64895f6f79
boyaca	06f46c98-9794-4d96-a014-aecdf24dbd7e
boyaca	073e52d4-44bd-41d7-bdfa-88c2735c694b
boyaca	cccff716-2694-4209-9f9e-2f7a484465a0
boyaca	f7f9717e-9e50-4a00-a30f-7b134390a566
boyaca	814bd44e-34d6-46e1-a143-0c12d03f3eba
boyaca	58c7e325-82fc-446d-9406-851b4d357db7
boyaca	a6deb94a-2c40-47ec-a678-3d502cd42bc2
boyaca	341acb6e-2ed2-4c13-af14-5e00173e15f8
boyaca	256035fe-75ff-4a7c-94bc-86af590c9050
boyaca	478a9e81-e716-42dc-a68d-03487953a32e
boyaca	77c64839-4c99-4a40-beb3-cd16afc23540
boyaca	2fff5d0c-6bbd-432d-8832-cc4e307a267f
boyaca	30ff48bd-4dd1-429d-a5a5-348c8e5fbfb1
boyaca	bc709e2f-6eb4-4cbe-a295-e12eed0679f2
boyaca	5a45153b-bdf9-44ae-b7a7-e3261896540b
boyaca	85be57ed-f187-49c9-b7ff-eaa622e06217
boyaca	d073b448-6b80-4364-8c38-18d08b88797f
boyaca	60545be9-4f28-4245-b4b4-07635c8dfa54
boyaca	4265f332-341c-45f6-b30b-5dc2e39b86e8
boyaca	f6e2efc9-42a3-47ea-99c6-3eda8d653cc9
boyaca	04481953-6112-489f-bb8d-9703d787e3ea
boyaca	e97090cb-7731-41c7-ac24-31a841730654
boyaca	79324e30-d4c7-11d8-bf69-b8a03c50a862
boyaca	1f55bd0a-6ebe-49a1-8a9c-9258702b6f46
boyaca	af00f590-cb78-11d9-b772-b8a03c50a862
boyaca	4cadac10-3e7b-11d9-8439-b8a03c50a862
boyaca	1ef55060-54da-11dd-9d47-b8a03c50a862
boyaca	e3f07310-a215-11da-beae-b8a03c50a862
boyaca	062447f7-40ec-42af-9622-ee9170752dc3
boyaca	43587ad0-bafb-11d9-8e53-b8a03c50a862
boyaca	b554c320-0560-11d8-b851-b8a03c50a862
boyaca	174c6da2-e002-42fe-9f56-2f9d670240f4
boyaca	6ea87510-0561-11d8-b851-b8a03c50a862
boyaca	927f1e70-cf74-11d8-bf68-b8a03c50a862
boyaca	c49fdf8d-5648-4ae7-b0be-d3d9c67bc755
boyaca	9b049850-d958-11da-9047-b8a03c50a862
boyaca	cc483d69-50e9-4463-8eb6-41fc459fa485
boyaca	efcf5460-a06a-11d9-8ec2-b8a03c50a862
boyaca	61c539d8-47e0-4b82-875f-b95aad66dcd4
boyaca	3c6ad080-bdbe-11da-ac59-b8a03c50a862
boyaca	52c8f620-1816-11da-9544-b8a03c50a862
boyaca	06fcbbf0-0562-11d8-b851-b8a03c50a862
boyaca	4c0e9f60-c489-11d8-bf60-b8a03c50a862
boyaca	5a9d868e-77e2-4efd-ade6-069f66b84a35
boyaca	5ab24120-de25-11dc-9a41-b8a03c50a862
boyaca	b36f3505-f2d9-499f-a669-fa418a127b9d
boyaca	80960f60-ad5e-11da-9c37-b8a03c50a862
boyaca	f5c46d20-f1d2-11dd-b2d5-b8a03c50a862
boyaca	1f00d75c-f6fc-4224-a595-975e82d7689c
boyaca	2e167bb0-4441-11db-9ba2-b8a03c50a862
boyaca	6e1cad80-bdf5-11d8-84ea-b8a03c50a862
boyaca	28eb1a3f-1c15-4a95-931a-4af90ecb574d
boyaca	bb646dff-a905-4403-a49b-6d378c2cf0d9
colombia	538c9023-2e18-4769-9230-f840d044406d
colombia	f9b67ad0-9c9b-11d9-b9db-b8a03c50a862
colombia	979dd240-16f7-11df-b5b3-b8a03c50a862
colombia	6d1beb45-43bc-499a-85a0-f06f67e81591
colombia	ccd1ddc0-6c21-11de-8224-b8a03c50a862
colombia	b5904aaf-02c7-4ff3-85a6-0f528dbb632e
colombia	9c0a8aa8-4ce7-49ba-aac7-21a97234f886
colombia	df604473-66f0-444d-94c4-22795f268afe
colombia	02f2bde4-0f13-4e71-b359-c3cb11ea9751
colombia	3988de20-0560-11d8-b851-b8a03c50a862
colombia	814cdfb5-d4f8-4453-815f-ea5df98e76bf
colombia	8251fe14-04e1-483f-9ae6-46cf83ff76fa
colombia	adaeb73b-8f3b-433c-ab2e-a8ca68a7c7ea
colombia	9b024f83-e4ac-44ff-86ab-c2a6f0da9726
colombia	3ecddc17-a081-4e85-92c3-d8e31716342c
colombia	1447752d-0ee4-4951-a0fb-b1f2acb977af
colombia	76513b28-548d-480a-8859-bd7f45f8724b
colombia	567cdb5e-5bb3-42e1-ae07-ffa6fc60b56e
colombia	c803f6f5-2c6a-4b41-8c15-768d48ef1c8c
colombia	a2f1c6f5-88de-4fc5-891a-336259f32f4e
colombia	34cc6c50-812c-11de-86fe-b8a03c50a862
colombia	32e82a64-c9b4-4b2f-9fbd-d446309b973f
colombia	e62a5313-e771-4c81-b6d1-cba6e4085635
colombia	1deb09e1-ded6-469a-a46e-f6329cb03b6a
colombia	770c30d2-c2a8-4bb2-8056-6167297cddae
colombia	8c4f5426-9a05-4827-977b-22201c42dcd9
colombia	eea64f26-8fd5-49fb-be7e-a1d4cfc051ee
colombia	a5c9b60f-8603-43c5-adf9-c2b2b8cbe95f
colombia	1c8732e1-36b1-4a7c-978e-f69542768ec3
colombia	37e82b90-1e21-11de-ab90-f72009d2669b
colombia	0dc9c7a0-b5c6-11d9-a0b8-b8a03c50a862
colombia	90cc71b0-055b-11d8-b84e-b8a03c50a862
colombia	b872b075-9ab5-4e27-b6c6-5add6b890379
colombia	750a8724-fa66-4c27-b645-bd58ac5ee010
colombia	2ebbf9e5-146f-47cf-8c1b-9d117d2860e4
colombia	2d6e0e40-2aee-11d8-aa2d-b8a03c50a862
colombia	8e6bc843-c1b4-4b10-b546-881f06049004
colombia	57254bd0-8256-11d8-b7ed-b8a03c50a862
colombia	8209258a-80e8-4094-aba2-a3febe5ed45b
colombia	c4cbb860-e9c7-11da-8113-b8a03c50a862
colombia	fd70f580-4ce2-11db-b80e-b8a03c50a862
colombia	9630292c-c8ef-4efa-adda-399638be3b19
colombia	94458240-4e38-11db-985b-b8a03c50a862
colombia	9d5c8c31-20c5-4a6d-a1d5-96ca148eda93
colombia	47380c8a-0edd-4036-b1bc-d852cba8232f
colombia	0d3422a3-d9fa-4dac-8921-3e03afc4c0a0
colombia	b62390e0-0e35-11d9-8431-b8a03c50a862
colombia	7a079928-aee9-418a-b083-6152d01c78d6
colombia	37560003-ae75-43c3-95aa-48c98797aa2a
colombia	1106e179-e49f-461f-95a6-459bf4d53c1b
colombia	85e6ceac-5381-4378-917c-dc3b8032affa
colombia	0363cbd4-f666-455e-8e86-0bbddcf51950
colombia	f614387b-c7aa-4a3f-95bf-acb4d0b83e97
colombia	06867940-0867-4b4a-abb2-a57a16fcf2dc
colombia	fbe29d53-6c40-411a-8e97-2d92a285c88e
colombia	70f5f94a-045f-453e-aae9-c60133376231
colombia	66522820-055c-11d8-b84e-b8a03c50a862
colombia	d16f32bb-204f-4c07-95eb-6673e90225e9
colombia	0bc2981f-f6c7-4ee7-8e78-f3cf3c506cc9
colombia	a26fb77a-67a4-4a15-b2c3-0c7b87ddb8e6
colombia	09871350-0a23-11d8-b854-b8a03c50a862
colombia	a41250f0-7c3e-11d8-a19c-b8a03c50a862
colombia	09a9c196-cb5b-4fa1-afc2-3499b868b225
colombia	14fb9c57-68a5-4870-b434-5355df7a9c3c
colombia	1e9400fa-ce73-4737-9eaa-f25df148945c
colombia	c1da06f0-580e-11dc-8a9e-b8a03c50a862
colombia	4d14137b-ce2c-4111-98a9-0078f5d53237
colombia	cb202839-87c6-456a-821c-dc5b268a200f
colombia	0fd86a13-3d0d-4d6e-b809-2811706f35d6
colombia	9d615537-c4d9-40fe-bf74-0e4dc9b42078
colombia	efc2ae40-9880-11da-89b4-b8a03c50a862
colombia	fee3882f-5360-4f01-a1ca-767c48fa629c
colombia	da583013-8a1b-4570-b0e4-c7cb25b2e7bf
colombia	56d218dd-b62e-4ee5-bde6-15f013ad99bb
colombia	a684d545-47fd-44fc-b557-6971a864c055
colombia	a61ab068-5b5f-47c7-9322-170e88b09b0d
colombia	8595cd50-87c0-11dc-bb35-b8a03c50a862
colombia	1a4f4e64-eb3d-42c3-a359-1be3869b3a20
colombia	7c7b6440-94d1-11dd-bdb1-b8a03c50a862
colombia	75ed8583-8bd8-4f82-9346-75b234fe4682
colombia	cae7b6c7-669a-4261-9a34-6e8cdc16a125
colombia	03433ccd-5166-4730-94a9-e06ec25d1a72
colombia	f2489500-dbab-4fbc-95ed-19eead127483
colombia	1afc3a83-38f8-4282-90ae-d377ded4b628
colombia	a56a5876-198a-4fc0-89be-df951637a0e2
colombia	9c252ec3-7333-4cf8-a997-5441fcbad8dd
colombia	0d923068-1cec-44de-8b78-33a51fb0cacd
colombia	ff90b050-c256-11db-b71b-b8a03c50a862
colombia	c6aacf9d-a5a7-4d7f-a6fc-ea0a4b8ec450
colombia	64bd66c1-e7d3-48d0-9462-488729aed122
colombia	03a8bc52-9c2e-4aee-8dd7-9b4d279e4960
colombia	a4fa550d-0146-47d9-989e-0674121aa8eb
colombia	43a26bbf-466a-4335-96cc-01d0656c614a
colombia	d3c29fed-bcac-4f84-8d3d-f4b7f76fdc8e
colombia	73b7431a-7a64-47f6-9c1b-a030e1a67fa4
colombia	15b278a8-1356-4f7b-ba32-3c733c3d0aac
colombia	4b3fc3ac-227f-477d-9853-cfa76044d108
colombia	e2e717bf-551a-4917-bdc9-4fa0f342c530
colombia	cf9ceb80-9f3d-11da-b791-b8a03c50a862
colombia	52f50975-7f82-4945-8e98-90b983a89bfc
colombia	03fefd3c-2809-4966-810d-a6c2205ab899
colombia	015d5ac7-2644-49e9-815e-79468647d6af
colombia	6e051633-cbf0-4729-be54-f7be1e078c97
colombia	69cbe3e1-ea7a-4f22-b4b8-47dd4df6e79b
colombia	23fe61fe-622d-4523-ae45-8c931f22c534
colombia	488f6b87-5688-4c9a-928c-2d5355054b01
colombia	2730ae30-29d6-4aa2-99ee-26f483fa718b
colombia	47844d46-753c-44c5-8a1d-b50fa69f7ddc
colombia	2627e955-93f5-4206-bac5-a1e3bd91ee37
colombia	1904954c-81e7-4254-9778-ae3deed93de6
colombia	57dfb71a-f0aa-47c2-b997-30c6048dc98a
colombia	acdeb4a9-78c7-423b-bb21-fb5c4e515854
colombia	e6ebe5f5-3d83-4936-a75e-ef391309f0ec
colombia	417c3159-419c-4325-a257-c482371860c6
colombia	7b24de75-d85f-47ed-9ad0-308558575a81
colombia	c5245889-c63d-48fa-ae4b-90ddd74f1d2d
colombia	114780c1-baf9-4a2d-b727-5f30c0cb3c32
colombia	a42867f0-813a-11dc-82e0-b8a03c50a862
colombia	a2ef6dd1-8886-48c9-8025-c62bac973cc7
colombia	f7bf768e-d88d-489d-a263-dd07232bd9e4
colombia	520e3c81-7de2-4ef3-9b36-11f3bdad76a9
colombia	21936918-2ce6-4314-a15e-91f9f6735361
colombia	a7ae8a07-cb3f-42e6-8f4e-22868f8cdb27
colombia	8e1a7b73-e746-4d20-a0ba-e647ce0f9784
colombia	cc338b0f-4582-4873-8a4c-aa5c400ed0bb
colombia	95cb537c-74c5-4c1e-ae24-32e7ea08f380
colombia	eba6daa8-0281-479e-aa2d-d78a2614db93
colombia	a8a63f81-fdbf-40e3-8a99-0d3832de262b
colombia	d48116e0-281e-11d9-8436-b8a03c50a862
colombia	30b36805-4849-4abb-a39c-01b3a7fa3f2e
colombia	e1f6195c-b21b-4601-809e-bdf0488ee9a4
colombia	c1b1455b-18ec-4637-9e0f-18cb0524b7ed
colombia	1989b627-2a61-44db-83e4-392efc5da0a9
colombia	ead371f0-f93d-11dd-af50-b8a03c50a862
colombia	d5ef14a1-5177-4547-9ce2-46d84a4214eb
colombia	7ef169f9-81f8-46a2-a7f7-240df6a1889c
colombia	903d4412-04a3-47c7-8584-7911a3d7e2d1
colombia	9bcba4e4-a10d-4484-9c5e-36a059a0c9cd
colombia	d42b7e5d-a3e5-4fc2-8b3d-105336d70898
colombia	a88bec5c-1cbf-47a2-8c3e-6081804d80a5
colombia	676782cc-e81e-47ce-9504-34ea45395eb6
colombia	d2519a48-9ed7-4e86-8692-338cfc214629
colombia	32859580-c30c-4367-8a8a-71f00fc9f833
colombia	ada9d123-ddb4-467d-8891-806ea8d94230
colombia	121b1f00-66de-484d-9fb3-32bb07585840
colombia	e1475b95-d1f7-4f3a-9f3e-e681676abb18
colombia	bd561840-efdc-11d9-a329-b8a03c50a862
colombia	37c1c493-782c-4f53-914d-b1f66cdcf61c
colombia	fe602f47-b553-4291-b6e5-197b9837e167
colombia	7b8aff00-a9f8-11d8-944b-b8a03c50a862
colombia	e5585950-488e-11db-a1c2-b8a03c50a862
colombia	192a9ab0-5565-11d8-b290-b8a03c50a862
colombia	8483a1f0-1032-11db-ae00-b8a03c50a862
colombia	3dc9105b-6792-4d2f-8872-c60dded8ae20
colombia	976af1e0-ca25-11da-bfed-b8a03c50a862
colombia	833f0d81-717d-4f11-95b0-0f738545adad
colombia	cffcb703-dccc-464e-ade3-c5668311dcf6
colombia	afa44940-5a60-11d9-bbdd-b8a03c50a862
colombia	05827c69-a802-472f-bbe3-76629dfd57a7
colombia	e174384d-ee9a-4ed8-b4f4-0ec3a8fa5e39
colombia	c3809434-1211-4b43-b20c-bd940780d30e
colombia	17f4782d-46d3-43df-bfb1-e190f972073a
colombia	2e7ea925-e11c-451c-9841-0a8e85e5c5dc
colombia	2475808f-450e-4079-9a23-fa7ba6d14845
colombia	76d82379-e2a3-4a1f-9b55-2ec5c9f87532
colombia	32665a46-4074-474a-85a5-110db4f55fa8
colombia	4dad347c-f297-46ee-9755-fda443b966d7
colombia	005015df-170c-4f12-8e01-19877f1deba8
colombia	c7e55c34-9c2d-46d5-9ca0-7aaad06b179a
colombia	3a56fbe7-467b-4018-8876-f73dede15ea2
colombia	00a915e7-b4e2-4795-bcbf-45e4dda0e927
colombia	cd9bc4b5-4375-4991-aec5-0b4443b5d7a6
colombia	85aae44a-2a4c-4a3f-92cc-a1a8d27b90fa
colombia	29808b4c-81a6-4f60-9df4-bdb9a08f74b8
colombia	ef3ec46c-c2e6-4674-a663-77b334fa6003
colombia	f52593de-ac30-49ea-8e3e-07cf745249ec
colombia	986e56a2-5615-407d-8351-a4bac59fd303
colombia	111b5370-2936-4e4e-a772-7d681a7127c1
colombia	685633c3-05f9-4e44-bf4f-8dfdd0654072
colombia	4eb145f4-b1b0-4b94-8edc-e814fd77a4e8
colombia	6fd43b88-b13f-4547-94ab-1720f2a3b7ed
colombia	fb92ab7b-65fe-4353-9c4b-99ee81c91feb
colombia	4fd780a2-60b9-480f-8550-124b1604143f
colombia	8825eec2-5312-4e2a-ada4-41b907818fdf
colombia	a0f40644-1fec-42d8-af64-0bce3e9d76d2
colombia	81724943-d4d5-4b72-bfd6-3cfc5725c12a
colombia	4ef28342-2d78-48b5-a00f-2bad53be38a1
colombia	4bd6f687-197e-4d61-ad04-965c86f5a4dd
colombia	827fad55-4521-496e-949c-28e3b0428765
colombia	f9357933-83d3-4548-803c-4cae52ebff40
colombia	4c415e40-1e21-11de-9e40-a0d6ecebb8bf
colombia	59c81290-df0e-11d8-b22e-b8a03c50a862
colombia	4bc4943a-c94f-4bd4-9aa3-2a9cae94398a
colombia	05c249d0-dfa0-11d8-b22e-b8a03c50a862
colombia	c0fa6fbb-cc9b-423b-b801-c1bb28d6467d
colombia	45e5c621-df96-4ea7-bbc6-aa3e53b90bb8
colombia	2977895d-3ce2-4fb9-b62e-a775c8fd9304
colombia	485ff490-e3b7-11db-9acc-b8a03c50a862
colombia	90d2e455-c279-4bf1-ba87-806495641e18
colombia	7a070ba0-bafb-11d9-8e53-b8a03c50a862
colombia	952099fc-446e-47c3-9206-e35f53ddce80
colombia	def87a70-0837-11d9-acb2-b8a03c50a862
colombia	f739aef0-8a5b-11d9-bc8d-b8a03c50a862
colombia	cc5b4b3a-87d5-47d9-8c1b-08116cc80140
colombia	730cd32c-627f-44a8-9d93-fcfb23ade969
colombia	2853c0e7-c758-4c9c-83a2-7c2d18967fb9
colombia	8e1a97a0-3ca8-11d9-8439-b8a03c50a862
colombia	131217d6-04ff-4682-9bc2-e418f961fc0d
colombia	c10e9f64-38b0-4cb9-98d3-92b82cb7256a
colombia	67c63221-0c74-4c18-97f9-e2b2acb739ce
colombia	4bce8f23-20a5-48a7-b25a-83700caad2db
colombia	3b5161b7-9831-4444-9822-a60df4df107d
colombia	04ce62dd-30ec-4d98-8b30-b09cafc3ac38
colombia	fd0038d0-3e7b-11d9-8439-b8a03c50a862
colombia	b0e368b3-da4b-45ff-8d24-12ffd422bc38
colombia	d1596a2e-9c4f-46f7-a859-81d40fb35822
colombia	6f3ccc65-0a54-4e65-ae7e-13b92d618e7c
colombia	92f51af1-e917-49bc-a8ed-014ed3a77bec
colombia	ad2c7028-26fd-49c6-88d2-457c207c387b
colombia	c47cd3b0-2178-4a4b-87a6-740b482970a9
colombia	202d5f34-ff58-4ad7-964f-c947ce18078e
colombia	9d77fdeb-100f-4b29-98ad-4effdd824457
colombia	94a9c3b2-d54d-4938-811b-e91e091eeb28
colombia	831c8ca0-3806-4796-b8a3-fb5f15813749
colombia	a8d26b9b-a0c0-42b3-a479-b575f9b60793
colombia	52603cfd-d564-4e89-a466-5e71813677be
colombia	7a6bdf66-ef5c-4a81-b731-2e328f4881eb
colombia	667644b9-7b93-4892-80c7-c4271735c515
colombia	c0d9c91a-0f83-4819-bf7e-bb5e1184eb6b
colombia	b8b274e0-3216-48b8-afea-5616ec326ce1
colombia	34770310-601a-43e0-84fb-ed81661c2d00
colombia	882d4191-4161-4fde-9e94-20fbb44901c8
colombia	e4a87e1f-4ff8-4d2e-bcd1-0929678abab9
colombia	5e3ed9a0-8d59-4d98-a690-6ffb4fb624d2
colombia	b6f05cf0-43ce-11d9-8439-b8a03c50a862
colombia	e901e23a-aac2-42a6-af3c-8b6a1721e9e7
colombia	2437c128-bf8c-4f53-b668-da95fb2e40b7
colombia	e1050db2-9faf-4d72-b860-295debaf9d2a
colombia	f072f648-b8a4-47a0-9e1c-89d790645b5a
colombia	2a7e3080-28a9-11dd-97cd-b8a03c50a862
colombia	838537fc-4aeb-4980-8b58-97fbdcd1d91a
colombia	a7e6d0ba-9e3d-4be2-b3ac-2c5e812e0a31
colombia	92974254-6777-4a79-8865-a89a83f13e57
colombia	f56c5f80-055c-11d8-b84e-b8a03c50a862
colombia	3046e6a6-6218-4880-9544-98f6c6ace34a
colombia	38c97c54-2ff1-42f1-aeff-0d40c8d16cdb
colombia	eace4687-50e8-4f9a-829b-29ff8ff1fa8b
colombia	698acf43-05cd-4b45-8107-7c666d87f77c
colombia	e144e6ee-503e-4bd9-9eff-f2fc77473642
colombia	36488347-eceb-40ed-b687-406f3601d8cb
colombia	0c163d39-b67e-4bd9-a2f4-6344b67247f9
colombia	9c6afd40-4d63-11db-9eae-b8a03c50a862
colombia	6b2f029b-7823-4b84-9c30-31ff364238fe
colombia	afdb4b0a-2b16-4abc-99d3-03ba8289aeac
colombia	463555b0-d081-11da-ae8f-b8a03c50a862
colombia	19a3a4e0-1908-11dc-a07b-b8a03c50a862
colombia	f5fc4e61-b7a0-414b-ab68-b41cb23e7fdc
colombia	38a69420-bd2a-11dd-b15e-b8a03c50a862
colombia	c361e830-181e-11da-9544-b8a03c50a862
colombia	883ee5d0-9177-423d-a636-0284e8a4de46
colombia	ee6a779a-dce6-4f16-ae3d-84f495def86e
colombia	ab733144-7043-4e88-bd4f-fca7bf858880
colombia	2cd829bb-b713-433d-99cf-64bef11e5b3e
colombia	b472a35a-6461-444a-a3d6-84e97e6636fe
colombia	925267b2-870b-409e-8a81-d044d6eb6c2f
colombia	182287da-fe0f-457f-ac06-2b8f4c7680fd
colombia	a344ee9f-f1b7-4761-be2c-58ee6d741395
colombia	41d6acb0-48b5-11db-a1c2-b8a03c50a862
colombia	311e2740-f15a-11d8-b22f-b8a03c50a862
colombia	845f3630-812c-11de-86fe-b8a03c50a862
colombia	497c081b-8157-4287-bb5c-291a4c71439c
colombia	c2ecae57-6701-485e-9ebd-5f87b2945cb2
colombia	90fd6680-349f-11d8-aa2d-b8a03c50a862
colombia	9a21807b-b9c5-4071-b393-764f3cd58abc
colombia	247b85e0-4e6b-46d1-b1c8-47b00bb8ced7
colombia	2e4af590-37d0-11d9-8439-b8a03c50a862
colombia	0c0c7309-6a47-4760-9f5c-a48f6d354f75
colombia	60f8ce17-065e-40ff-bac6-4f85f5edaedd
colombia	036cdc50-e7f5-11d9-9a0e-b8a03c50a862
colombia	610414e0-8040-11d9-8294-b8a03c50a862
colombia	4f48f140-38a5-11d9-8439-b8a03c50a862
colombia	67d0a68e-90b4-4760-9269-49e80e017e10
colombia	ab5c0b99-5af3-4958-b03c-0b7e85481cc1
colombia	4205110f-3f0f-40d8-bd0f-2fa71bc827b5
colombia	315127e0-d7bb-11db-9885-b8a03c50a862
colombia	4f1aa16c-ac1f-4e25-95fa-70bd71b7a0b4
colombia	e8eada63-4a33-44aa-b2fd-4f71efb222a0
colombia	e6c2fab8-8716-48b8-ae62-dacbc73b35b5
colombia	6f0517c4-913a-401a-95f1-144f724f424e
colombia	ecc5cd9e-2d25-4b8d-89c8-a0711eee813b
colombia	8cdd9232-84eb-4bad-9d9b-a36910cd524b
colombia	e147be40-75eb-11d9-b257-b8a03c50a862
colombia	10980920-6dad-11da-ad13-b8a03c50a862
colombia	5ffa575c-fcd4-4583-9611-545f67b04316
colombia	b4640710-8e03-11d8-b956-b8a03c50a862
colombia	ec99079c-885f-4c3d-8f43-ba576e5c52f7
colombia	0ba220e1-77cf-487a-8d91-494167240f5d
colombia	939ed180-aa7b-11db-8edf-b8a03c50a862
colombia	acac73b0-055d-11d8-b84f-b8a03c50a862
colombia	8edbbde0-055e-11d8-b850-b8a03c50a862
colombia	4cff2aca-5ce5-4028-88e6-d79b6449173a
colombia	609d49d0-78fe-11dd-b871-b8a03c50a862
colombia	95e0556d-0271-4ded-a317-58b2236afc22
colombia	8f9a6e03-a0ee-4a60-a08f-32463f36adeb
colombia	32b45fb7-1992-4f30-95c8-1604a38a57fa
colombia	b594a3ca-021f-4e7d-ad0c-4830c042e2bb
colombia	23539a57-1347-4dd3-af2a-cf9478563baa
colombia	8d30d714-63f5-4f6f-a1a4-d73d09aa60c4
colombia	325c883e-46a7-4be3-9d77-7dde654fd1d3
colombia	2f2e4f28-d929-4609-937b-9a8ebd265159
colombia	c3367060-856b-11d9-8486-b8a03c50a862
colombia	75642970-f855-11dd-8235-b8a03c50a862
colombia	bc092ff0-02e4-11dc-991f-b8a03c50a862
colombia	4fd82480-ea1c-11da-8db4-b8a03c50a862
colombia	19456090-b49a-11d8-abeb-b8a03c50a862
colombia	760d5f24-4c04-40da-9646-1b2c935da502
colombia	3ead5cf3-2840-482e-bbd9-76380825be63
colombia	2e7df380-8356-4533-bcb3-5459e23c794e
colombia	493fe050-055d-11d8-b84f-b8a03c50a862
colombia	2d6267a0-0561-11d8-b851-b8a03c50a862
colombia	4e11d750-bafb-11d9-8e53-b8a03c50a862
colombia	707f5e4c-ae29-4013-bc49-409e44f95243
colombia	396d5f30-dea9-11db-8ab4-b8a03c50a862
colombia	6505c875-003c-472d-879f-2624c00070e5
colombia	593527a0-d2e9-4365-a583-cc683125dbb7
colombia	33aecde5-7e13-4272-9cb7-f4f3b0eb820c
colombia	fe9d23a5-5514-4d6e-b05b-d115425cd159
colombia	9c7737c0-359c-11da-9a82-b8a03c50a862
colombia	ac1a4340-812c-11de-86fe-b8a03c50a862
colombia	da461951-0c82-4ce1-a0b7-5327bc84c638
colombia	baa8ccb1-8d9d-4940-93a6-2241c8a04ba5
colombia	69e7f900-ed5b-11dd-ac7e-b8a03c50a862
colombia	0f0c387a-64ec-4eaa-b590-e09b0f11c94f
colombia	218f5cbc-bc3e-4a8e-84ee-9281a54cd9e3
colombia	1d90b4aa-32c7-4b8f-94bd-7080eb187086
colombia	a8144f37-5ff7-4137-9400-94b5b2ea4ec4
colombia	67b2263f-6990-4d9d-b32b-20aa72ef4fbc
colombia	c8d737e0-2ff8-42e8-b8fc-6b805d26fc5f
colombia	76591189-6f20-4784-8576-94eafe7a0aee
colombia	c8b46ad5-2b93-457c-8573-6f4eec590486
colombia	c3da1f49-b2c8-4751-b72f-28855546ec4c
colombia	ac5e8480-3714-11da-bc2e-b8a03c50a862
colombia	a4d6cc6b-4c62-4015-ad7b-1ba69847a616
colombia	d5778510-eb28-11da-8629-b8a03c50a862
colombia	b711353c-44d7-4e8b-90c5-16fea0d247e0
colombia	cc17c672-0c7d-492f-9252-c7ddacd1df78
colombia	ab13adb9-ce23-444d-87c9-ce41f03ef2b3
colombia	190b47cb-54d5-4b87-9c1e-22b0483fe071
colombia	fc871c4a-bb5e-4db6-b332-487bc23797f1
colombia	da86174a-a605-43a4-a5e8-53d484152cd3
colombia	24c3dc90-822b-11d8-b7ed-b8a03c50a862
colombia	7ce8aef0-9e92-11dc-8738-b8a03c50a862
colombia	0870a77b-587c-4369-a8ed-bc3d347b8e1c
colombia	0e2f2e28-7790-4c82-b8fb-6ef7b4c764e2
colombia	d1e2f6a3-4016-46ba-b031-36f843790457
colombia	ee6ec6e6-cbcc-455c-8ed7-5927c7834fa9
colombia	dbc2ab56-d499-403c-8db5-c1a49cd0b75f
colombia	13a1e31d-4046-4c80-8a06-f97a4eb8cf53
colombia	94ec6243-9b21-4c04-9cc6-cefa1cf627c0
colombia	f9d3db7d-6ee9-4fbf-bd4c-e5d0f0bd26c6
colombia	17726825-3aa2-4fbc-b0e3-303d3fc5702f
colombia	55807027-6d78-46bd-b2cb-301295ee35aa
colombia	278c2395-6edb-41f4-8f0a-0abd13656901
colombia	dc282b9d-8f3b-4197-b174-ba5272721a6f
colombia	8275dc60-e3a7-4366-90c8-28be034deec6
colombia	e88c96a3-5884-4e51-a580-e417ca4c9eed
colombia	98e934b0-5f31-11de-b67e-b8a03c50a862
colombia	061b4f20-f241-11da-a328-b8a03c50a862
colombia	cc6110c7-f75c-47c8-8931-f7dd3f324777
colombia	ff418020-1d67-11d9-8435-b8a03c50a862
colombia	eb126411-e092-4abc-a0b9-a2e1c98c6578
colombia	104e9c96-791b-4f14-978c-f581cb214912
colombia	d54819fb-3423-49b9-bac4-5ac1624f9070
colombia	609765e0-4ce8-11db-b80e-b8a03c50a862
colombia	8a471700-4ce8-11db-b80e-b8a03c50a862
colombia	48558fd5-e402-4362-ba91-7c742c96a26c
colombia	78678140-1815-11da-9544-b8a03c50a862
colombia	46fca4d7-47a9-465f-97c8-161e209e624e
colombia	b1b3786f-e9b0-4da6-8472-a21a2d7fe48c
colombia	e70c4151-0d1a-414d-b70e-e87ac1e812b7
colombia	c76cf030-2a95-11da-9cc1-b8a03c50a862
colombia	98dbab03-09e5-4ceb-988e-04f3e803decb
colombia	f5fd374b-89cb-4ab6-b3eb-794c65f232c3
colombia	dca4d666-c9e0-4712-b658-0d1bc3f39d48
colombia	c5f7ef70-e233-11d9-a4d6-b8a03c50a862
colombia	4d0539cd-a2e0-4a2c-8b7d-ec6718eef764
colombia	4200d851-2340-4411-bda9-126613424633
colombia	1c9c3bb4-377c-4547-aa79-16ea755d6006
colombia	3059a14b-7b43-41ce-beef-873999911dfe
colombia	0674aea0-a7e1-11d8-9534-b8a03c50a862
colombia	b3fbef09-563b-4ee2-96c1-4a449def8992
colombia	99ea0c90-61e5-11dc-a64c-b8a03c50a862
colombia	2c542862-b9dd-40fc-8260-fb434997efa7
colombia	6ba9a8cc-513a-4a51-bf93-6f5de8040a96
colombia	021121c0-f040-11d8-b22f-b8a03c50a862
colombia	1c44ea88-6e47-4815-9f4f-1d47c944f8ce
colombia	7050ce20-c75e-11dd-87ef-b8a03c50a862
colombia	f5db868f-e5bf-4208-bd9d-d4063ae1c825
colombia	7c07cec1-2925-443c-81f1-333e4187bdea
colombia	898ba450-1627-11df-bd84-b8a03c50a862
colombia	132fe0d8-aa85-40a0-af20-52f48fae7bd6
colombia	867a53f4-2f2d-4932-be6a-f46566255371
colombia	8a226609-56b9-4b87-a0a2-767c38edd572
colombia	63da1b44-176a-4e9b-b418-28fcc182c676
colombia	b2dbd210-90c2-11df-86a3-b8a03c50a862
colombia	2b8e48b0-812d-11de-86fe-b8a03c50a862
colombia	352bdfe0-c57b-11dd-a8eb-b8a03c50a862
colombia	9a23b798-ee7e-4593-9348-7016fdca9960
colombia	c58ac019-b413-4613-8772-39e57acbeb8e
colombia	ae447c50-b8a8-11d8-92a4-b8a03c50a862
colombia	4c1a7622-ff80-419d-b1ba-2037d61f1973
colombia	0cbfea81-f7f6-43a7-a5bc-9b38898b505d
colombia	cecc196e-f262-4986-a88a-6adf035dca0e
colombia	d9ccac00-9bc7-11de-a329-b8a03c50a862
colombia	fee1eb85-53bb-4edb-91cc-de55f11b3cee
colombia	954e32db-634d-4d5f-908c-3d14c961b097
colombia	ae23c0f2-f322-408e-8d0d-024a96443acf
colombia	c0dc3c80-23f9-11dc-98d1-b8a03c50a862
colombia	b459e790-0d3c-11d9-8431-b8a03c50a862
colombia	83e105d0-1e21-11de-85d0-fe7fa1df8ee2
colombia	1e26a630-7203-11dc-a0d8-b8a03c50a862
colombia	253fc67c-c7fb-4c85-88f5-43ac6d9dc8a9
colombia	689b40c4-ff31-4cd0-83a5-a7a828f1cd92
colombia	605e7170-1123-11d9-8433-b8a03c50a862
colombia	c3ad790a-d426-4ac1-8e32-da61f81f0117
colombia	450bdfce-76f7-483e-b4c4-cab6a3daebba
colombia	c8f840a3-4949-4e18-82e9-5771c3e57129
colombia	3eeffcbd-0e84-4223-ac65-3d32e7cc8511
colombia	b8cd2cdb-ee95-409c-b1b8-e09bab4f9a70
colombia	57c6cd7f-e50f-441e-849a-3d2e1912cb92
colombia	e0455781-2311-4b5b-8cc0-421d73e04f1b
colombia	7d91f9bd-f6cd-48e3-ba81-3c228cf5e13a
colombia	6c147991-c3bf-453d-a778-3bea9a534804
colombia	0b6c758d-aeac-4bea-a8c9-bd1703468b8a
colombia	eac88d99-9f6c-4031-8fc4-8088f0e0dfe7
colombia	ad3f9c5f-5021-45a3-a7c4-3e64895f6f79
colombia	9ad34578-87e3-4240-93ac-4b1a5c9347dc
colombia	0238226a-9c79-4717-933a-cf0fd5045ba8
colombia	06f46c98-9794-4d96-a014-aecdf24dbd7e
colombia	073e52d4-44bd-41d7-bdfa-88c2735c694b
colombia	cccff716-2694-4209-9f9e-2f7a484465a0
colombia	f7f9717e-9e50-4a00-a30f-7b134390a566
colombia	814bd44e-34d6-46e1-a143-0c12d03f3eba
colombia	dec5e6c9-0156-4fa0-b01c-e642dbff48fc
colombia	ec11396a-66ab-4e57-b9c1-a8aff1cb7a1d
colombia	58c7e325-82fc-446d-9406-851b4d357db7
colombia	96b23685-f195-4131-af29-ea9e160225dd
colombia	a6deb94a-2c40-47ec-a678-3d502cd42bc2
colombia	0a1fecc6-cc98-47d7-bdd0-42f3c051072f
colombia	112087f6-a6c0-4cee-8441-387f900d34f9
colombia	341acb6e-2ed2-4c13-af14-5e00173e15f8
colombia	256035fe-75ff-4a7c-94bc-86af590c9050
colombia	478a9e81-e716-42dc-a68d-03487953a32e
colombia	77c64839-4c99-4a40-beb3-cd16afc23540
colombia	2fff5d0c-6bbd-432d-8832-cc4e307a267f
colombia	695bd197-a0b6-4937-9867-414e84d3a96d
colombia	30ff48bd-4dd1-429d-a5a5-348c8e5fbfb1
colombia	bc709e2f-6eb4-4cbe-a295-e12eed0679f2
colombia	8d9a1a1c-a563-461e-85ef-002861f87bd7
colombia	5a45153b-bdf9-44ae-b7a7-e3261896540b
colombia	85be57ed-f187-49c9-b7ff-eaa622e06217
colombia	5c1a4c27-795a-4294-aecc-46d7176706b7
colombia	f22ff2ae-6384-4d40-9ded-4d96befcacf0
colombia	6215eac7-a176-4a7f-9bba-552b3f5ba9a3
colombia	92bd7d31-3255-4f1c-8552-cbb6fbe60478
colombia	d073b448-6b80-4364-8c38-18d08b88797f
colombia	60545be9-4f28-4245-b4b4-07635c8dfa54
colombia	34565ff7-e07a-49bf-8763-b2b82e87a345
colombia	eec37c7c-2dce-440e-8de1-966214931e74
colombia	b081673d-44bb-437a-8e69-750950afa49c
colombia	afdd8e93-b4e3-491c-88f0-8a22834ac1a9
colombia	f4cf14c8-58db-4947-a93c-e43f2b7fe171
colombia	b3422768-adc1-4be2-9f59-c1d7af724428
colombia	ea79c3f0-78b4-4614-9c17-b991662bd18d
colombia	4265f332-341c-45f6-b30b-5dc2e39b86e8
colombia	b7ea834f-8d60-40ea-ab2c-5057000f0afd
colombia	d254f613-d4dd-4553-9fe3-b9485ca28371
colombia	9610290b-e0ea-439b-b726-ba11bcecfb86
colombia	fe647d6c-1c4b-441b-b93b-d310d074b227
colombia	a84dccda-c5b2-4319-abbf-3c24601e89a2
colombia	f6e2efc9-42a3-47ea-99c6-3eda8d653cc9
colombia	3b3975ee-23fb-4943-a00e-4d6e6115b194
colombia	04481953-6112-489f-bb8d-9703d787e3ea
colombia	60f97f47-cd0d-4ff5-b0c0-c98495bf430a
colombia	e97090cb-7731-41c7-ac24-31a841730654
colombia	7cf67ac2-f2f2-42bd-92e4-c2eac0b21039
colombia	76dbcb10-efc5-4d5f-87a5-bcd409fc92c8
colombia	63f34ebe-232f-4da8-b0de-94fb75ac749f
colombia	79324e30-d4c7-11d8-bf69-b8a03c50a862
colombia	d9699a79-4736-45c2-925c-f4033ac67d52
colombia	03cb9700-6cee-11d8-922d-b8a03c50a862
colombia	1f55bd0a-6ebe-49a1-8a9c-9258702b6f46
colombia	618d6bf6-81a4-47b0-85c0-0a6981b4e5ef
colombia	84d451a0-644d-11de-b910-b8a03c50a862
colombia	af00f590-cb78-11d9-b772-b8a03c50a862
colombia	3f3967bf-ecc7-4455-ba89-4e0ab6d6fd3c
colombia	b542788f-0dc2-4a2b-b652-fceced449591
colombia	53e59855-7653-4d3e-87cc-162021713823
colombia	f0b6a090-a4c6-11d8-9534-b8a03c50a862
colombia	4cadac10-3e7b-11d9-8439-b8a03c50a862
colombia	1ef55060-54da-11dd-9d47-b8a03c50a862
colombia	e3f07310-a215-11da-beae-b8a03c50a862
colombia	062447f7-40ec-42af-9622-ee9170752dc3
colombia	0ed04352-6745-4665-9e11-7117ee91a96b
colombia	43587ad0-bafb-11d9-8e53-b8a03c50a862
colombia	58172c10-1dc5-11de-be11-b8a03c50a862
colombia	b0fdc0ef-a1c2-4ba9-a567-5c65dd742269
colombia	b554c320-0560-11d8-b851-b8a03c50a862
colombia	5de868a5-e184-4ec2-bfda-7b6d96fc0b1b
colombia	57324530-812c-11de-86fe-b8a03c50a862
colombia	38105fdf-4886-4c2e-9c7c-2bcb091411a5
colombia	174c6da2-e002-42fe-9f56-2f9d670240f4
colombia	6ea87510-0561-11d8-b851-b8a03c50a862
colombia	927f1e70-cf74-11d8-bf68-b8a03c50a862
colombia	c49fdf8d-5648-4ae7-b0be-d3d9c67bc755
colombia	9b049850-d958-11da-9047-b8a03c50a862
colombia	a1ce99fb-e1a5-4ca9-a3e6-cb512abd4bae
colombia	f19ae5e0-3886-4c1e-b557-f4413f8fca86
colombia	0eabc674-8106-401e-9613-5f10164b562d
colombia	f314b0b0-e3dc-11d9-8d81-b8a03c50a862
colombia	45346344-bad3-4a45-8563-98955464b3ca
colombia	3124bdd8-b38c-46f0-b354-5e1d2c2cd9d2
colombia	cc483d69-50e9-4463-8eb6-41fc459fa485
colombia	efcf5460-a06a-11d9-8ec2-b8a03c50a862
colombia	61c539d8-47e0-4b82-875f-b95aad66dcd4
colombia	c654fe80-188b-11d9-8435-b8a03c50a862
colombia	3c6ad080-bdbe-11da-ac59-b8a03c50a862
colombia	52c8f620-1816-11da-9544-b8a03c50a862
colombia	d003dd60-94fa-11da-a99f-b8a03c50a862
colombia	58520c30-bafb-11d9-8e53-b8a03c50a862
colombia	06fcbbf0-0562-11d8-b851-b8a03c50a862
colombia	d6bd7c74-ff29-48f8-b5f5-e9dc1afff3db
colombia	ff7bd5db-b724-4932-b496-10ea298851f9
colombia	96fbb73b-f951-4659-8f8b-fa60624a9c28
colombia	a6de8f30-d931-11db-973c-b8a03c50a862
colombia	4c0e9f60-c489-11d8-bf60-b8a03c50a862
colombia	5a9d868e-77e2-4efd-ade6-069f66b84a35
colombia	0c23482f-89f3-4efa-b6ed-7b25dadde4fc
colombia	feef46fb-6287-41f4-b3db-5f9dff600ab8
colombia	5ab24120-de25-11dc-9a41-b8a03c50a862
colombia	1cfd06e4-072d-4af6-b7cb-533f0740aa84
colombia	6a430540-7f09-11d8-a1a0-b8a03c50a862
colombia	e6e855d7-9775-400f-883b-c4e04e517d79
colombia	b36f3505-f2d9-499f-a669-fa418a127b9d
colombia	80960f60-ad5e-11da-9c37-b8a03c50a862
colombia	f5c46d20-f1d2-11dd-b2d5-b8a03c50a862
colombia	abd95fb6-cfae-4f16-9e57-c94f414ef38d
colombia	31f13427-163d-4422-a28f-6f5d14ae2017
colombia	218534d0-925e-11da-8900-b8a03c50a862
colombia	1f00d75c-f6fc-4224-a595-975e82d7689c
colombia	2e167bb0-4441-11db-9ba2-b8a03c50a862
colombia	bb922300-7ddb-11de-a300-90ac77aa923f
colombia	68209dd2-7f9c-4176-8135-d93f3321d3d3
colombia	c14b9ce2-9545-4376-8a3b-6741558c256a
colombia	456058db-f70b-4005-97ad-e08570cf0c56
colombia	0e2ae538-4332-4f41-bfee-8aa2c693d2a9
colombia	6e1cad80-bdf5-11d8-84ea-b8a03c50a862
colombia	28eb1a3f-1c15-4a95-931a-4af90ecb574d
colombia	bb646dff-a905-4403-a49b-6d378c2cf0d9
colombia	bad9baef-be05-4410-83c8-31060a9bafb7
narino	f9b67ad0-9c9b-11d9-b9db-b8a03c50a862
narino	ccd1ddc0-6c21-11de-8224-b8a03c50a862
narino	814cdfb5-d4f8-4453-815f-ea5df98e76bf
narino	adaeb73b-8f3b-433c-ab2e-a8ca68a7c7ea
narino	3ecddc17-a081-4e85-92c3-d8e31716342c
narino	1447752d-0ee4-4951-a0fb-b1f2acb977af
narino	76513b28-548d-480a-8859-bd7f45f8724b
narino	a2f1c6f5-88de-4fc5-891a-336259f32f4e
narino	32e82a64-c9b4-4b2f-9fbd-d446309b973f
narino	1deb09e1-ded6-469a-a46e-f6329cb03b6a
narino	770c30d2-c2a8-4bb2-8056-6167297cddae
narino	0dc9c7a0-b5c6-11d9-a0b8-b8a03c50a862
narino	b872b075-9ab5-4e27-b6c6-5add6b890379
narino	750a8724-fa66-4c27-b645-bd58ac5ee010
narino	a3c228d0-3110-11db-abb8-b8a03c50a862
narino	57254bd0-8256-11d8-b7ed-b8a03c50a862
narino	0363cbd4-f666-455e-8e86-0bbddcf51950
narino	66522820-055c-11d8-b84e-b8a03c50a862
narino	d16f32bb-204f-4c07-95eb-6673e90225e9
narino	a41250f0-7c3e-11d8-a19c-b8a03c50a862
narino	c1da06f0-580e-11dc-8a9e-b8a03c50a862
narino	9d615537-c4d9-40fe-bf74-0e4dc9b42078
narino	fee3882f-5360-4f01-a1ca-767c48fa629c
narino	da583013-8a1b-4570-b0e4-c7cb25b2e7bf
narino	a61ab068-5b5f-47c7-9322-170e88b09b0d
narino	75ed8583-8bd8-4f82-9346-75b234fe4682
narino	f2489500-dbab-4fbc-95ed-19eead127483
narino	ff90b050-c256-11db-b71b-b8a03c50a862
narino	43a26bbf-466a-4335-96cc-01d0656c614a
narino	e2e717bf-551a-4917-bdc9-4fa0f342c530
narino	cf9ceb80-9f3d-11da-b791-b8a03c50a862
narino	488f6b87-5688-4c9a-928c-2d5355054b01
narino	2627e955-93f5-4206-bac5-a1e3bd91ee37
narino	f7bf768e-d88d-489d-a263-dd07232bd9e4
narino	a8a63f81-fdbf-40e3-8a99-0d3832de262b
narino	c1b1455b-18ec-4637-9e0f-18cb0524b7ed
narino	ead371f0-f93d-11dd-af50-b8a03c50a862
narino	7ef169f9-81f8-46a2-a7f7-240df6a1889c
narino	ada9d123-ddb4-467d-8891-806ea8d94230
narino	121b1f00-66de-484d-9fb3-32bb07585840
narino	bd561840-efdc-11d9-a329-b8a03c50a862
narino	fe602f47-b553-4291-b6e5-197b9837e167
narino	7b8aff00-a9f8-11d8-944b-b8a03c50a862
narino	192a9ab0-5565-11d8-b290-b8a03c50a862
narino	8483a1f0-1032-11db-ae00-b8a03c50a862
narino	cffcb703-dccc-464e-ade3-c5668311dcf6
narino	afa44940-5a60-11d9-bbdd-b8a03c50a862
narino	81724943-d4d5-4b72-bfd6-3cfc5725c12a
narino	4c415e40-1e21-11de-9e40-a0d6ecebb8bf
narino	485ff490-e3b7-11db-9acc-b8a03c50a862
narino	8e1a97a0-3ca8-11d9-8439-b8a03c50a862
narino	fd0038d0-3e7b-11d9-8439-b8a03c50a862
narino	6f3ccc65-0a54-4e65-ae7e-13b92d618e7c
narino	92f51af1-e917-49bc-a8ed-014ed3a77bec
narino	9d77fdeb-100f-4b29-98ad-4effdd824457
narino	7a6bdf66-ef5c-4a81-b731-2e328f4881eb
narino	667644b9-7b93-4892-80c7-c4271735c515
narino	c0d9c91a-0f83-4819-bf7e-bb5e1184eb6b
narino	b8b274e0-3216-48b8-afea-5616ec326ce1
narino	34770310-601a-43e0-84fb-ed81661c2d00
narino	b6f05cf0-43ce-11d9-8439-b8a03c50a862
narino	2437c128-bf8c-4f53-b668-da95fb2e40b7
narino	e1050db2-9faf-4d72-b860-295debaf9d2a
narino	2a7e3080-28a9-11dd-97cd-b8a03c50a862
narino	838537fc-4aeb-4980-8b58-97fbdcd1d91a
narino	a7e6d0ba-9e3d-4be2-b3ac-2c5e812e0a31
narino	d44af9a3-e779-40c0-a186-79e7717c6d2b
narino	92974254-6777-4a79-8865-a89a83f13e57
narino	eace4687-50e8-4f9a-829b-29ff8ff1fa8b
narino	698acf43-05cd-4b45-8107-7c666d87f77c
narino	e144e6ee-503e-4bd9-9eff-f2fc77473642
narino	c361e830-181e-11da-9544-b8a03c50a862
narino	883ee5d0-9177-423d-a636-0284e8a4de46
narino	2cd829bb-b713-433d-99cf-64bef11e5b3e
narino	925267b2-870b-409e-8a81-d044d6eb6c2f
narino	311e2740-f15a-11d8-b22f-b8a03c50a862
narino	90fd6680-349f-11d8-aa2d-b8a03c50a862
narino	247b85e0-4e6b-46d1-b1c8-47b00bb8ced7
narino	036cdc50-e7f5-11d9-9a0e-b8a03c50a862
narino	610414e0-8040-11d9-8294-b8a03c50a862
narino	ab5c0b99-5af3-4958-b03c-0b7e85481cc1
narino	4205110f-3f0f-40d8-bd0f-2fa71bc827b5
narino	4f1aa16c-ac1f-4e25-95fa-70bd71b7a0b4
narino	5ffa575c-fcd4-4583-9611-545f67b04316
narino	b4640710-8e03-11d8-b956-b8a03c50a862
narino	acac73b0-055d-11d8-b84f-b8a03c50a862
narino	8edbbde0-055e-11d8-b850-b8a03c50a862
narino	8f9a6e03-a0ee-4a60-a08f-32463f36adeb
narino	23539a57-1347-4dd3-af2a-cf9478563baa
narino	8d30d714-63f5-4f6f-a1a4-d73d09aa60c4
narino	bc092ff0-02e4-11dc-991f-b8a03c50a862
narino	19456090-b49a-11d8-abeb-b8a03c50a862
narino	493fe050-055d-11d8-b84f-b8a03c50a862
narino	4e11d750-bafb-11d9-8e53-b8a03c50a862
narino	396d5f30-dea9-11db-8ab4-b8a03c50a862
narino	218f5cbc-bc3e-4a8e-84ee-9281a54cd9e3
narino	67b2263f-6990-4d9d-b32b-20aa72ef4fbc
narino	b711353c-44d7-4e8b-90c5-16fea0d247e0
narino	cc17c672-0c7d-492f-9252-c7ddacd1df78
narino	ab13adb9-ce23-444d-87c9-ce41f03ef2b3
narino	da86174a-a605-43a4-a5e8-53d484152cd3
narino	7ce8aef0-9e92-11dc-8738-b8a03c50a862
narino	0e2f2e28-7790-4c82-b8fb-6ef7b4c764e2
narino	55807027-6d78-46bd-b2cb-301295ee35aa
narino	dc282b9d-8f3b-4197-b174-ba5272721a6f
narino	061b4f20-f241-11da-a328-b8a03c50a862
narino	ff418020-1d67-11d9-8435-b8a03c50a862
narino	104e9c96-791b-4f14-978c-f581cb214912
narino	8a471700-4ce8-11db-b80e-b8a03c50a862
narino	b1b3786f-e9b0-4da6-8472-a21a2d7fe48c
narino	c76cf030-2a95-11da-9cc1-b8a03c50a862
narino	c5f7ef70-e233-11d9-a4d6-b8a03c50a862
narino	0674aea0-a7e1-11d8-9534-b8a03c50a862
narino	6ba9a8cc-513a-4a51-bf93-6f5de8040a96
narino	7050ce20-c75e-11dd-87ef-b8a03c50a862
narino	867a53f4-2f2d-4932-be6a-f46566255371
narino	352bdfe0-c57b-11dd-a8eb-b8a03c50a862
narino	b3bf3a83-1f68-4541-a03f-330d30d567f5
narino	ae447c50-b8a8-11d8-92a4-b8a03c50a862
narino	0cbfea81-f7f6-43a7-a5bc-9b38898b505d
narino	fee1eb85-53bb-4edb-91cc-de55f11b3cee
narino	b459e790-0d3c-11d9-8431-b8a03c50a862
narino	83e105d0-1e21-11de-85d0-fe7fa1df8ee2
narino	1e26a630-7203-11dc-a0d8-b8a03c50a862
narino	253fc67c-c7fb-4c85-88f5-43ac6d9dc8a9
narino	c8f840a3-4949-4e18-82e9-5771c3e57129
narino	3eeffcbd-0e84-4223-ac65-3d32e7cc8511
narino	b8cd2cdb-ee95-409c-b1b8-e09bab4f9a70
narino	e0455781-2311-4b5b-8cc0-421d73e04f1b
narino	7d91f9bd-f6cd-48e3-ba81-3c228cf5e13a
narino	6c147991-c3bf-453d-a778-3bea9a534804
narino	eac88d99-9f6c-4031-8fc4-8088f0e0dfe7
narino	ad3f9c5f-5021-45a3-a7c4-3e64895f6f79
narino	073e52d4-44bd-41d7-bdfa-88c2735c694b
narino	cccff716-2694-4209-9f9e-2f7a484465a0
narino	f7f9717e-9e50-4a00-a30f-7b134390a566
narino	58c7e325-82fc-446d-9406-851b4d357db7
narino	256035fe-75ff-4a7c-94bc-86af590c9050
narino	478a9e81-e716-42dc-a68d-03487953a32e
narino	30ff48bd-4dd1-429d-a5a5-348c8e5fbfb1
narino	bc709e2f-6eb4-4cbe-a295-e12eed0679f2
narino	8d9a1a1c-a563-461e-85ef-002861f87bd7
narino	5a45153b-bdf9-44ae-b7a7-e3261896540b
narino	85be57ed-f187-49c9-b7ff-eaa622e06217
narino	5c1a4c27-795a-4294-aecc-46d7176706b7
narino	f22ff2ae-6384-4d40-9ded-4d96befcacf0
narino	6215eac7-a176-4a7f-9bba-552b3f5ba9a3
narino	d073b448-6b80-4364-8c38-18d08b88797f
narino	4265f332-341c-45f6-b30b-5dc2e39b86e8
narino	f6e2efc9-42a3-47ea-99c6-3eda8d653cc9
narino	04481953-6112-489f-bb8d-9703d787e3ea
narino	e97090cb-7731-41c7-ac24-31a841730654
narino	7cf67ac2-f2f2-42bd-92e4-c2eac0b21039
narino	76dbcb10-efc5-4d5f-87a5-bcd409fc92c8
narino	1f55bd0a-6ebe-49a1-8a9c-9258702b6f46
narino	618d6bf6-81a4-47b0-85c0-0a6981b4e5ef
narino	af00f590-cb78-11d9-b772-b8a03c50a862
narino	3f3967bf-ecc7-4455-ba89-4e0ab6d6fd3c
narino	4cadac10-3e7b-11d9-8439-b8a03c50a862
narino	0ed04352-6745-4665-9e11-7117ee91a96b
narino	58172c10-1dc5-11de-be11-b8a03c50a862
narino	b554c320-0560-11d8-b851-b8a03c50a862
narino	174c6da2-e002-42fe-9f56-2f9d670240f4
narino	6ea87510-0561-11d8-b851-b8a03c50a862
narino	927f1e70-cf74-11d8-bf68-b8a03c50a862
narino	c49fdf8d-5648-4ae7-b0be-d3d9c67bc755
narino	f314b0b0-e3dc-11d9-8d81-b8a03c50a862
narino	cc483d69-50e9-4463-8eb6-41fc459fa485
narino	efcf5460-a06a-11d9-8ec2-b8a03c50a862
narino	61c539d8-47e0-4b82-875f-b95aad66dcd4
narino	3c6ad080-bdbe-11da-ac59-b8a03c50a862
narino	52c8f620-1816-11da-9544-b8a03c50a862
narino	58520c30-bafb-11d9-8e53-b8a03c50a862
narino	06fcbbf0-0562-11d8-b851-b8a03c50a862
narino	feef46fb-6287-41f4-b3db-5f9dff600ab8
narino	5ab24120-de25-11dc-9a41-b8a03c50a862
narino	b36f3505-f2d9-499f-a669-fa418a127b9d
narino	80960f60-ad5e-11da-9c37-b8a03c50a862
narino	1f00d75c-f6fc-4224-a595-975e82d7689c
narino	2e167bb0-4441-11db-9ba2-b8a03c50a862
narino	0e2ae538-4332-4f41-bfee-8aa2c693d2a9
narino	28eb1a3f-1c15-4a95-931a-4af90ecb574d
santander	538c9023-2e18-4769-9230-f840d044406d
santander	f9b67ad0-9c9b-11d9-b9db-b8a03c50a862
santander	ccd1ddc0-6c21-11de-8224-b8a03c50a862
santander	3988de20-0560-11d8-b851-b8a03c50a862
santander	814cdfb5-d4f8-4453-815f-ea5df98e76bf
santander	adaeb73b-8f3b-433c-ab2e-a8ca68a7c7ea
santander	3ecddc17-a081-4e85-92c3-d8e31716342c
santander	1447752d-0ee4-4951-a0fb-b1f2acb977af
santander	76513b28-548d-480a-8859-bd7f45f8724b
santander	34cc6c50-812c-11de-86fe-b8a03c50a862
santander	1deb09e1-ded6-469a-a46e-f6329cb03b6a
santander	eea64f26-8fd5-49fb-be7e-a1d4cfc051ee
santander	0dc9c7a0-b5c6-11d9-a0b8-b8a03c50a862
santander	b872b075-9ab5-4e27-b6c6-5add6b890379
santander	750a8724-fa66-4c27-b645-bd58ac5ee010
santander	8e6bc843-c1b4-4b10-b546-881f06049004
santander	a3c228d0-3110-11db-abb8-b8a03c50a862
santander	57254bd0-8256-11d8-b7ed-b8a03c50a862
santander	9630292c-c8ef-4efa-adda-399638be3b19
santander	7a079928-aee9-418a-b083-6152d01c78d6
santander	0363cbd4-f666-455e-8e86-0bbddcf51950
santander	70f5f94a-045f-453e-aae9-c60133376231
santander	66522820-055c-11d8-b84e-b8a03c50a862
santander	a41250f0-7c3e-11d8-a19c-b8a03c50a862
santander	c1da06f0-580e-11dc-8a9e-b8a03c50a862
santander	9d615537-c4d9-40fe-bf74-0e4dc9b42078
santander	fee3882f-5360-4f01-a1ca-767c48fa629c
santander	da583013-8a1b-4570-b0e4-c7cb25b2e7bf
santander	a61ab068-5b5f-47c7-9322-170e88b09b0d
santander	75ed8583-8bd8-4f82-9346-75b234fe4682
santander	f2489500-dbab-4fbc-95ed-19eead127483
santander	9c252ec3-7333-4cf8-a997-5441fcbad8dd
santander	0d923068-1cec-44de-8b78-33a51fb0cacd
santander	ff90b050-c256-11db-b71b-b8a03c50a862
santander	43a26bbf-466a-4335-96cc-01d0656c614a
santander	e2e717bf-551a-4917-bdc9-4fa0f342c530
santander	cf9ceb80-9f3d-11da-b791-b8a03c50a862
santander	23fe61fe-622d-4523-ae45-8c931f22c534
santander	488f6b87-5688-4c9a-928c-2d5355054b01
santander	1904954c-81e7-4254-9778-ae3deed93de6
santander	a42867f0-813a-11dc-82e0-b8a03c50a862
santander	f7bf768e-d88d-489d-a263-dd07232bd9e4
santander	ead371f0-f93d-11dd-af50-b8a03c50a862
santander	7ef169f9-81f8-46a2-a7f7-240df6a1889c
santander	9bcba4e4-a10d-4484-9c5e-36a059a0c9cd
santander	a88bec5c-1cbf-47a2-8c3e-6081804d80a5
santander	ada9d123-ddb4-467d-8891-806ea8d94230
santander	121b1f00-66de-484d-9fb3-32bb07585840
santander	bd561840-efdc-11d9-a329-b8a03c50a862
santander	37c1c493-782c-4f53-914d-b1f66cdcf61c
santander	7b8aff00-a9f8-11d8-944b-b8a03c50a862
santander	192a9ab0-5565-11d8-b290-b8a03c50a862
santander	8483a1f0-1032-11db-ae00-b8a03c50a862
santander	afa44940-5a60-11d9-bbdd-b8a03c50a862
santander	05827c69-a802-472f-bbe3-76629dfd57a7
santander	e174384d-ee9a-4ed8-b4f4-0ec3a8fa5e39
santander	76d82379-e2a3-4a1f-9b55-2ec5c9f87532
santander	f52593de-ac30-49ea-8e3e-07cf745249ec
santander	a0f40644-1fec-42d8-af64-0bce3e9d76d2
santander	4ef28342-2d78-48b5-a00f-2bad53be38a1
santander	4c415e40-1e21-11de-9e40-a0d6ecebb8bf
santander	485ff490-e3b7-11db-9acc-b8a03c50a862
santander	8e1a97a0-3ca8-11d9-8439-b8a03c50a862
santander	04ce62dd-30ec-4d98-8b30-b09cafc3ac38
santander	6f3ccc65-0a54-4e65-ae7e-13b92d618e7c
santander	92f51af1-e917-49bc-a8ed-014ed3a77bec
santander	9d77fdeb-100f-4b29-98ad-4effdd824457
santander	831c8ca0-3806-4796-b8a3-fb5f15813749
santander	c0d9c91a-0f83-4819-bf7e-bb5e1184eb6b
santander	b8b274e0-3216-48b8-afea-5616ec326ce1
santander	34770310-601a-43e0-84fb-ed81661c2d00
santander	e4a87e1f-4ff8-4d2e-bcd1-0929678abab9
santander	b6f05cf0-43ce-11d9-8439-b8a03c50a862
santander	2437c128-bf8c-4f53-b668-da95fb2e40b7
santander	2a7e3080-28a9-11dd-97cd-b8a03c50a862
santander	838537fc-4aeb-4980-8b58-97fbdcd1d91a
santander	a7e6d0ba-9e3d-4be2-b3ac-2c5e812e0a31
santander	92974254-6777-4a79-8865-a89a83f13e57
santander	eace4687-50e8-4f9a-829b-29ff8ff1fa8b
santander	e144e6ee-503e-4bd9-9eff-f2fc77473642
santander	6b2f029b-7823-4b84-9c30-31ff364238fe
santander	c361e830-181e-11da-9544-b8a03c50a862
santander	883ee5d0-9177-423d-a636-0284e8a4de46
santander	2cd829bb-b713-433d-99cf-64bef11e5b3e
santander	925267b2-870b-409e-8a81-d044d6eb6c2f
santander	182287da-fe0f-457f-ac06-2b8f4c7680fd
santander	311e2740-f15a-11d8-b22f-b8a03c50a862
santander	c2ecae57-6701-485e-9ebd-5f87b2945cb2
santander	90fd6680-349f-11d8-aa2d-b8a03c50a862
santander	247b85e0-4e6b-46d1-b1c8-47b00bb8ced7
santander	2e4af590-37d0-11d9-8439-b8a03c50a862
santander	0c0c7309-6a47-4760-9f5c-a48f6d354f75
santander	036cdc50-e7f5-11d9-9a0e-b8a03c50a862
santander	610414e0-8040-11d9-8294-b8a03c50a862
santander	ab5c0b99-5af3-4958-b03c-0b7e85481cc1
santander	4205110f-3f0f-40d8-bd0f-2fa71bc827b5
santander	4f1aa16c-ac1f-4e25-95fa-70bd71b7a0b4
santander	e6c2fab8-8716-48b8-ae62-dacbc73b35b5
santander	e147be40-75eb-11d9-b257-b8a03c50a862
santander	5ffa575c-fcd4-4583-9611-545f67b04316
santander	b4640710-8e03-11d8-b956-b8a03c50a862
santander	0ba220e1-77cf-487a-8d91-494167240f5d
santander	939ed180-aa7b-11db-8edf-b8a03c50a862
santander	8edbbde0-055e-11d8-b850-b8a03c50a862
santander	23539a57-1347-4dd3-af2a-cf9478563baa
santander	bc092ff0-02e4-11dc-991f-b8a03c50a862
santander	4fd82480-ea1c-11da-8db4-b8a03c50a862
santander	19456090-b49a-11d8-abeb-b8a03c50a862
santander	493fe050-055d-11d8-b84f-b8a03c50a862
santander	4e11d750-bafb-11d9-8e53-b8a03c50a862
santander	396d5f30-dea9-11db-8ab4-b8a03c50a862
santander	0f0c387a-64ec-4eaa-b590-e09b0f11c94f
santander	218f5cbc-bc3e-4a8e-84ee-9281a54cd9e3
santander	c8d737e0-2ff8-42e8-b8fc-6b805d26fc5f
santander	b711353c-44d7-4e8b-90c5-16fea0d247e0
santander	cc17c672-0c7d-492f-9252-c7ddacd1df78
santander	ab13adb9-ce23-444d-87c9-ce41f03ef2b3
santander	da86174a-a605-43a4-a5e8-53d484152cd3
santander	7ce8aef0-9e92-11dc-8738-b8a03c50a862
santander	0e2f2e28-7790-4c82-b8fb-6ef7b4c764e2
santander	d1e2f6a3-4016-46ba-b031-36f843790457
santander	17726825-3aa2-4fbc-b0e3-303d3fc5702f
santander	278c2395-6edb-41f4-8f0a-0abd13656901
santander	dc282b9d-8f3b-4197-b174-ba5272721a6f
santander	98e934b0-5f31-11de-b67e-b8a03c50a862
santander	061b4f20-f241-11da-a328-b8a03c50a862
santander	ff418020-1d67-11d9-8435-b8a03c50a862
santander	8a471700-4ce8-11db-b80e-b8a03c50a862
santander	48558fd5-e402-4362-ba91-7c742c96a26c
santander	c76cf030-2a95-11da-9cc1-b8a03c50a862
santander	c5f7ef70-e233-11d9-a4d6-b8a03c50a862
santander	0674aea0-a7e1-11d8-9534-b8a03c50a862
santander	021121c0-f040-11d8-b22f-b8a03c50a862
santander	867a53f4-2f2d-4932-be6a-f46566255371
santander	2b8e48b0-812d-11de-86fe-b8a03c50a862
santander	352bdfe0-c57b-11dd-a8eb-b8a03c50a862
santander	b3bf3a83-1f68-4541-a03f-330d30d567f5
santander	ae447c50-b8a8-11d8-92a4-b8a03c50a862
santander	4c1a7622-ff80-419d-b1ba-2037d61f1973
santander	fee1eb85-53bb-4edb-91cc-de55f11b3cee
santander	b459e790-0d3c-11d9-8431-b8a03c50a862
santander	83e105d0-1e21-11de-85d0-fe7fa1df8ee2
santander	253fc67c-c7fb-4c85-88f5-43ac6d9dc8a9
santander	450bdfce-76f7-483e-b4c4-cab6a3daebba
santander	c8f840a3-4949-4e18-82e9-5771c3e57129
santander	3eeffcbd-0e84-4223-ac65-3d32e7cc8511
santander	b8cd2cdb-ee95-409c-b1b8-e09bab4f9a70
santander	e0455781-2311-4b5b-8cc0-421d73e04f1b
santander	7d91f9bd-f6cd-48e3-ba81-3c228cf5e13a
santander	6c147991-c3bf-453d-a778-3bea9a534804
santander	eac88d99-9f6c-4031-8fc4-8088f0e0dfe7
santander	ad3f9c5f-5021-45a3-a7c4-3e64895f6f79
santander	9ad34578-87e3-4240-93ac-4b1a5c9347dc
santander	073e52d4-44bd-41d7-bdfa-88c2735c694b
santander	cccff716-2694-4209-9f9e-2f7a484465a0
santander	f7f9717e-9e50-4a00-a30f-7b134390a566
santander	58c7e325-82fc-446d-9406-851b4d357db7
santander	96b23685-f195-4131-af29-ea9e160225dd
santander	112087f6-a6c0-4cee-8441-387f900d34f9
santander	341acb6e-2ed2-4c13-af14-5e00173e15f8
santander	256035fe-75ff-4a7c-94bc-86af590c9050
santander	478a9e81-e716-42dc-a68d-03487953a32e
santander	77c64839-4c99-4a40-beb3-cd16afc23540
santander	2fff5d0c-6bbd-432d-8832-cc4e307a267f
santander	30ff48bd-4dd1-429d-a5a5-348c8e5fbfb1
santander	bc709e2f-6eb4-4cbe-a295-e12eed0679f2
santander	5a45153b-bdf9-44ae-b7a7-e3261896540b
santander	85be57ed-f187-49c9-b7ff-eaa622e06217
santander	f22ff2ae-6384-4d40-9ded-4d96befcacf0
santander	92bd7d31-3255-4f1c-8552-cbb6fbe60478
santander	04481953-6112-489f-bb8d-9703d787e3ea
santander	76dbcb10-efc5-4d5f-87a5-bcd409fc92c8
santander	1f55bd0a-6ebe-49a1-8a9c-9258702b6f46
santander	53e59855-7653-4d3e-87cc-162021713823
santander	1ef55060-54da-11dd-9d47-b8a03c50a862
santander	e3f07310-a215-11da-beae-b8a03c50a862
santander	b554c320-0560-11d8-b851-b8a03c50a862
santander	174c6da2-e002-42fe-9f56-2f9d670240f4
santander	6ea87510-0561-11d8-b851-b8a03c50a862
santander	927f1e70-cf74-11d8-bf68-b8a03c50a862
santander	c49fdf8d-5648-4ae7-b0be-d3d9c67bc755
santander	9b049850-d958-11da-9047-b8a03c50a862
santander	0eabc674-8106-401e-9613-5f10164b562d
santander	f314b0b0-e3dc-11d9-8d81-b8a03c50a862
santander	61c539d8-47e0-4b82-875f-b95aad66dcd4
santander	3c6ad080-bdbe-11da-ac59-b8a03c50a862
santander	52c8f620-1816-11da-9544-b8a03c50a862
santander	06fcbbf0-0562-11d8-b851-b8a03c50a862
santander	ff7bd5db-b724-4932-b496-10ea298851f9
santander	4c0e9f60-c489-11d8-bf60-b8a03c50a862
santander	5ab24120-de25-11dc-9a41-b8a03c50a862
santander	6a430540-7f09-11d8-a1a0-b8a03c50a862
santander	80960f60-ad5e-11da-9c37-b8a03c50a862
santander	1f00d75c-f6fc-4224-a595-975e82d7689c
santander	2e167bb0-4441-11db-9ba2-b8a03c50a862
santander	28eb1a3f-1c15-4a95-931a-4af90ecb574d
santander	bb646dff-a905-4403-a49b-6d378c2cf0d9
tolima	f9b67ad0-9c9b-11d9-b9db-b8a03c50a862
tolima	ccd1ddc0-6c21-11de-8224-b8a03c50a862
tolima	3988de20-0560-11d8-b851-b8a03c50a862
tolima	814cdfb5-d4f8-4453-815f-ea5df98e76bf
tolima	adaeb73b-8f3b-433c-ab2e-a8ca68a7c7ea
tolima	3ecddc17-a081-4e85-92c3-d8e31716342c
tolima	76513b28-548d-480a-8859-bd7f45f8724b
tolima	34cc6c50-812c-11de-86fe-b8a03c50a862
tolima	32e82a64-c9b4-4b2f-9fbd-d446309b973f
tolima	1deb09e1-ded6-469a-a46e-f6329cb03b6a
tolima	8c4f5426-9a05-4827-977b-22201c42dcd9
tolima	eea64f26-8fd5-49fb-be7e-a1d4cfc051ee
tolima	0dc9c7a0-b5c6-11d9-a0b8-b8a03c50a862
tolima	b872b075-9ab5-4e27-b6c6-5add6b890379
tolima	750a8724-fa66-4c27-b645-bd58ac5ee010
tolima	2d6e0e40-2aee-11d8-aa2d-b8a03c50a862
tolima	a3c228d0-3110-11db-abb8-b8a03c50a862
tolima	0363cbd4-f666-455e-8e86-0bbddcf51950
tolima	66522820-055c-11d8-b84e-b8a03c50a862
tolima	c1da06f0-580e-11dc-8a9e-b8a03c50a862
tolima	4d14137b-ce2c-4111-98a9-0078f5d53237
tolima	9d615537-c4d9-40fe-bf74-0e4dc9b42078
tolima	fee3882f-5360-4f01-a1ca-767c48fa629c
tolima	da583013-8a1b-4570-b0e4-c7cb25b2e7bf
tolima	a61ab068-5b5f-47c7-9322-170e88b09b0d
tolima	75ed8583-8bd8-4f82-9346-75b234fe4682
tolima	f2489500-dbab-4fbc-95ed-19eead127483
tolima	9c252ec3-7333-4cf8-a997-5441fcbad8dd
tolima	0d923068-1cec-44de-8b78-33a51fb0cacd
tolima	ff90b050-c256-11db-b71b-b8a03c50a862
tolima	43a26bbf-466a-4335-96cc-01d0656c614a
tolima	e2e717bf-551a-4917-bdc9-4fa0f342c530
tolima	cf9ceb80-9f3d-11da-b791-b8a03c50a862
tolima	488f6b87-5688-4c9a-928c-2d5355054b01
tolima	2730ae30-29d6-4aa2-99ee-26f483fa718b
tolima	2627e955-93f5-4206-bac5-a1e3bd91ee37
tolima	1904954c-81e7-4254-9778-ae3deed93de6
tolima	a42867f0-813a-11dc-82e0-b8a03c50a862
tolima	f7bf768e-d88d-489d-a263-dd07232bd9e4
tolima	a8a63f81-fdbf-40e3-8a99-0d3832de262b
tolima	ead371f0-f93d-11dd-af50-b8a03c50a862
tolima	d2519a48-9ed7-4e86-8692-338cfc214629
tolima	32859580-c30c-4367-8a8a-71f00fc9f833
tolima	ada9d123-ddb4-467d-8891-806ea8d94230
tolima	121b1f00-66de-484d-9fb3-32bb07585840
tolima	e1475b95-d1f7-4f3a-9f3e-e681676abb18
tolima	bd561840-efdc-11d9-a329-b8a03c50a862
tolima	7b8aff00-a9f8-11d8-944b-b8a03c50a862
tolima	192a9ab0-5565-11d8-b290-b8a03c50a862
tolima	8483a1f0-1032-11db-ae00-b8a03c50a862
tolima	976af1e0-ca25-11da-bfed-b8a03c50a862
tolima	2e7ea925-e11c-451c-9841-0a8e85e5c5dc
tolima	00a915e7-b4e2-4795-bcbf-45e4dda0e927
tolima	81724943-d4d5-4b72-bfd6-3cfc5725c12a
tolima	4c415e40-1e21-11de-9e40-a0d6ecebb8bf
tolima	485ff490-e3b7-11db-9acc-b8a03c50a862
tolima	fd0038d0-3e7b-11d9-8439-b8a03c50a862
tolima	d1596a2e-9c4f-46f7-a859-81d40fb35822
tolima	6f3ccc65-0a54-4e65-ae7e-13b92d618e7c
tolima	7a6bdf66-ef5c-4a81-b731-2e328f4881eb
tolima	c0d9c91a-0f83-4819-bf7e-bb5e1184eb6b
tolima	b8b274e0-3216-48b8-afea-5616ec326ce1
tolima	34770310-601a-43e0-84fb-ed81661c2d00
tolima	b6f05cf0-43ce-11d9-8439-b8a03c50a862
tolima	2437c128-bf8c-4f53-b668-da95fb2e40b7
tolima	2a7e3080-28a9-11dd-97cd-b8a03c50a862
tolima	838537fc-4aeb-4980-8b58-97fbdcd1d91a
tolima	a7e6d0ba-9e3d-4be2-b3ac-2c5e812e0a31
tolima	92974254-6777-4a79-8865-a89a83f13e57
tolima	eace4687-50e8-4f9a-829b-29ff8ff1fa8b
tolima	e144e6ee-503e-4bd9-9eff-f2fc77473642
tolima	6b2f029b-7823-4b84-9c30-31ff364238fe
tolima	38a69420-bd2a-11dd-b15e-b8a03c50a862
tolima	883ee5d0-9177-423d-a636-0284e8a4de46
tolima	2cd829bb-b713-433d-99cf-64bef11e5b3e
tolima	311e2740-f15a-11d8-b22f-b8a03c50a862
tolima	845f3630-812c-11de-86fe-b8a03c50a862
tolima	90fd6680-349f-11d8-aa2d-b8a03c50a862
tolima	2e4af590-37d0-11d9-8439-b8a03c50a862
tolima	0c0c7309-6a47-4760-9f5c-a48f6d354f75
tolima	036cdc50-e7f5-11d9-9a0e-b8a03c50a862
tolima	610414e0-8040-11d9-8294-b8a03c50a862
tolima	ab5c0b99-5af3-4958-b03c-0b7e85481cc1
tolima	4205110f-3f0f-40d8-bd0f-2fa71bc827b5
tolima	4f1aa16c-ac1f-4e25-95fa-70bd71b7a0b4
tolima	e6c2fab8-8716-48b8-ae62-dacbc73b35b5
tolima	5ffa575c-fcd4-4583-9611-545f67b04316
tolima	b4640710-8e03-11d8-b956-b8a03c50a862
tolima	acac73b0-055d-11d8-b84f-b8a03c50a862
tolima	8edbbde0-055e-11d8-b850-b8a03c50a862
tolima	bc092ff0-02e4-11dc-991f-b8a03c50a862
tolima	19456090-b49a-11d8-abeb-b8a03c50a862
tolima	3ead5cf3-2840-482e-bbd9-76380825be63
tolima	493fe050-055d-11d8-b84f-b8a03c50a862
tolima	4e11d750-bafb-11d9-8e53-b8a03c50a862
tolima	396d5f30-dea9-11db-8ab4-b8a03c50a862
tolima	fe9d23a5-5514-4d6e-b05b-d115425cd159
tolima	ac1a4340-812c-11de-86fe-b8a03c50a862
tolima	69e7f900-ed5b-11dd-ac7e-b8a03c50a862
tolima	a8144f37-5ff7-4137-9400-94b5b2ea4ec4
tolima	67b2263f-6990-4d9d-b32b-20aa72ef4fbc
tolima	c8d737e0-2ff8-42e8-b8fc-6b805d26fc5f
tolima	b711353c-44d7-4e8b-90c5-16fea0d247e0
tolima	ab13adb9-ce23-444d-87c9-ce41f03ef2b3
tolima	190b47cb-54d5-4b87-9c1e-22b0483fe071
tolima	da86174a-a605-43a4-a5e8-53d484152cd3
tolima	7ce8aef0-9e92-11dc-8738-b8a03c50a862
tolima	0e2f2e28-7790-4c82-b8fb-6ef7b4c764e2
tolima	94ec6243-9b21-4c04-9cc6-cefa1cf627c0
tolima	17726825-3aa2-4fbc-b0e3-303d3fc5702f
tolima	55807027-6d78-46bd-b2cb-301295ee35aa
tolima	278c2395-6edb-41f4-8f0a-0abd13656901
tolima	dc282b9d-8f3b-4197-b174-ba5272721a6f
tolima	98e934b0-5f31-11de-b67e-b8a03c50a862
tolima	061b4f20-f241-11da-a328-b8a03c50a862
tolima	ff418020-1d67-11d9-8435-b8a03c50a862
tolima	609765e0-4ce8-11db-b80e-b8a03c50a862
tolima	c76cf030-2a95-11da-9cc1-b8a03c50a862
tolima	3059a14b-7b43-41ce-beef-873999911dfe
tolima	0674aea0-a7e1-11d8-9534-b8a03c50a862
tolima	6ba9a8cc-513a-4a51-bf93-6f5de8040a96
tolima	021121c0-f040-11d8-b22f-b8a03c50a862
tolima	8a226609-56b9-4b87-a0a2-767c38edd572
tolima	352bdfe0-c57b-11dd-a8eb-b8a03c50a862
tolima	b3bf3a83-1f68-4541-a03f-330d30d567f5
tolima	ae447c50-b8a8-11d8-92a4-b8a03c50a862
tolima	0cbfea81-f7f6-43a7-a5bc-9b38898b505d
tolima	fee1eb85-53bb-4edb-91cc-de55f11b3cee
tolima	b459e790-0d3c-11d9-8431-b8a03c50a862
tolima	83e105d0-1e21-11de-85d0-fe7fa1df8ee2
tolima	253fc67c-c7fb-4c85-88f5-43ac6d9dc8a9
tolima	c8f840a3-4949-4e18-82e9-5771c3e57129
tolima	3eeffcbd-0e84-4223-ac65-3d32e7cc8511
tolima	b8cd2cdb-ee95-409c-b1b8-e09bab4f9a70
tolima	e0455781-2311-4b5b-8cc0-421d73e04f1b
tolima	7d91f9bd-f6cd-48e3-ba81-3c228cf5e13a
tolima	6c147991-c3bf-453d-a778-3bea9a534804
tolima	eac88d99-9f6c-4031-8fc4-8088f0e0dfe7
tolima	ad3f9c5f-5021-45a3-a7c4-3e64895f6f79
tolima	06f46c98-9794-4d96-a014-aecdf24dbd7e
tolima	073e52d4-44bd-41d7-bdfa-88c2735c694b
tolima	cccff716-2694-4209-9f9e-2f7a484465a0
tolima	f7f9717e-9e50-4a00-a30f-7b134390a566
tolima	814bd44e-34d6-46e1-a143-0c12d03f3eba
tolima	ec11396a-66ab-4e57-b9c1-a8aff1cb7a1d
tolima	58c7e325-82fc-446d-9406-851b4d357db7
tolima	256035fe-75ff-4a7c-94bc-86af590c9050
tolima	478a9e81-e716-42dc-a68d-03487953a32e
tolima	77c64839-4c99-4a40-beb3-cd16afc23540
tolima	30ff48bd-4dd1-429d-a5a5-348c8e5fbfb1
tolima	bc709e2f-6eb4-4cbe-a295-e12eed0679f2
tolima	5a45153b-bdf9-44ae-b7a7-e3261896540b
tolima	85be57ed-f187-49c9-b7ff-eaa622e06217
tolima	04481953-6112-489f-bb8d-9703d787e3ea
tolima	76dbcb10-efc5-4d5f-87a5-bcd409fc92c8
tolima	79324e30-d4c7-11d8-bf69-b8a03c50a862
tolima	1f55bd0a-6ebe-49a1-8a9c-9258702b6f46
tolima	af00f590-cb78-11d9-b772-b8a03c50a862
tolima	53e59855-7653-4d3e-87cc-162021713823
tolima	4cadac10-3e7b-11d9-8439-b8a03c50a862
tolima	e3f07310-a215-11da-beae-b8a03c50a862
tolima	0ed04352-6745-4665-9e11-7117ee91a96b
tolima	b554c320-0560-11d8-b851-b8a03c50a862
tolima	174c6da2-e002-42fe-9f56-2f9d670240f4
tolima	6ea87510-0561-11d8-b851-b8a03c50a862
tolima	927f1e70-cf74-11d8-bf68-b8a03c50a862
tolima	c49fdf8d-5648-4ae7-b0be-d3d9c67bc755
tolima	9b049850-d958-11da-9047-b8a03c50a862
tolima	cc483d69-50e9-4463-8eb6-41fc459fa485
tolima	61c539d8-47e0-4b82-875f-b95aad66dcd4
tolima	3c6ad080-bdbe-11da-ac59-b8a03c50a862
tolima	52c8f620-1816-11da-9544-b8a03c50a862
tolima	d003dd60-94fa-11da-a99f-b8a03c50a862
tolima	06fcbbf0-0562-11d8-b851-b8a03c50a862
tolima	5ab24120-de25-11dc-9a41-b8a03c50a862
tolima	80960f60-ad5e-11da-9c37-b8a03c50a862
tolima	1f00d75c-f6fc-4224-a595-975e82d7689c
tolima	2e167bb0-4441-11db-9ba2-b8a03c50a862
tolima	0e2ae538-4332-4f41-bfee-8aa2c693d2a9
tolima	28eb1a3f-1c15-4a95-931a-4af90ecb574d
